Property_ID,HP_Installed,HP_Brand,HP_Model,HP_Size_kW,HP_Refrigerant,SPFH4_selected_window,median_on_duration,median_off_duration,median_hw_duration,median_flow_temp,median_temp_change,mean_power,mean_modulation_pct,median_cycles_per_day
EOH0003,ASHP,Daikin,EDLQ07CAV7,7,R410A,2.502,4,4,72,28.6,2.21,787,23.84848485,71
EOH0005,HT_ASHP,Vaillant,VWL 75/6 A 230V S2,7,R290,3.405,26,14,96,33.5975,4.12,792,24.6728972,13.5
EOH0021,ASHP,Mitsubishi,PUZ-WM85VAA-BS,8.5,R32,2.81,72,110,816,32.22,12.94,1053,43.1557377,3
EOH0026,ASHP,Daikin,EDLQ07CAV8,7,R410A,2.724,20,4,50,38.8075,7.115,1534,52.17687075,28.5
EOH0031,HT_ASHP,Vaillant,VWL 75/6 A 230V S2,7,R290,2.901,34,46,94,39.95,14.65,2694,74.83333333,14
EOH0033,HT_ASHP,Vaillant,VWL 125/6 A 230V S2,12,R290,2.52,6,12,50,40.4925,8.33,1635,33.43558282,21
EOH0038,HT_ASHP,Vaillant,VWL 55/6 A 230V S2,5,R290,2.942,26,64,60,55.4875,9.88,941,37.34126984,10
EOH0047,HT_ASHP,Vaillant,VWL 75/6 A 230V S2,7,R290,3.011,56,12,1107,33.1425,7.245,1645,47.68115942,2
EOH0048,ASHP,Mitsubishi,PUZ-WM85VAA,8.5,R32,2.904,94,114,299,39.9275,20.875,1135,37.83333333,2
EOH0063,ASHP,Daikin,EDLQ07CAV3,7,R410A,2.723,8,4,28,32.44,4.03,1076,37.75438596,46
EOH0065,HT_ASHP,Vaillant,VWL 75/6 A 230V S2,7,R290,3.314,36,66,58,35.59,10.58,1378,44.16666667,8.5
EOH0066,HT_ASHP,Vaillant,VWL 75/6 A 230V S2,7,R290,3.9,44,14,92,28.71,4.785,830,27.66666667,5
EOH0067,ASHP,Mitsubishi,PUZ-WM85VAA,8.5,R32,2.865,66,90,76,38.36,18.69,1184,44.84848485,6
EOH0073,ASHP,Mitsubishi,PUZ-WM85VAA,8.5,R32,3.147,30,68,56,37.115,17.665,1558,44.38746439,5
EOH0082,ASHP,Mitsubishi,PUZ-WM85VAA,8.5,R32,3.221,118,92,107,41.84,23,1663,58.97163121,5
EOH0091,HT_ASHP,Vaillant,VWL 125/6 A 230V S2,12,R290,3.002,28,54,32,35.93,8.05,1532,34.5045045,14
EOH0094,ASHP,Mitsubishi,PUHZ-HW140VHA2R5,14,R410A,3.527,98,136,286,33.9525,10.025,1546,50.03236246,2
EOH0102,ASHP,Mitsubishi,PUZ-WM85VAA,8.5,R32,2.751,72,42,936,46.635,17.985,1128,40,1
EOH0105,ASHP,Daikin,EDLQ011CV3,11,R410A,2.916,2,10,40,21.96,0.14,426,11.26984127,20
EOH0107,ASHP,Mitsubishi,PUZ-WM85VAA,8.5,R32,2.717,108,142,232,38.54,21.25,1025,44.37229437,3
EOH0119,ASHP,Mitsubishi,PUHZ-W50VHA2,5,R410A,2.482,78,76,272,34.445,13.01,450,23.80952381,3
EOH0121,ASHP,Mitsubishi,PUZ-WM112VAA,11.2,R32,2.521,48,74,46,39.6425,17.55,1754,50.84057971,7
EOH0126,ASHP,Daikin,EDLQ07CAV9,7,R410A,2.657,10,4,46,31.4,2.97,1021,30.93939394,53
EOH0144,ASHP,Vaillant,VWL 55/3 A 230V,5,R410A,1.912,26,68,18,36.705,22.145,2121,63.125,11
EOH0159,ASHP,Daikin,EDLQ07CV3,7,R410A,2.601,4,2,24,24.9175,2.4,715,36.11111111,54
EOH0166,ASHP,Mitsubishi,PUZ-WM85VAA,8.5,R32,2.4,20,22,78,38.7625,9.845,1057,40.49808429,6
EOH0172,HT_ASHP,Vaillant,VWL 125/6 A 230V S2,12,R290,2.994,36,12,86,41.505,7.385,1623,45.08333333,14.5
EOH0174,ASHP,Daikin,EDLQ011CV3,11,R410A,2.869,14,4,48,31.15,3.81,905,29.00641026,38
EOH0177,ASHP,Mitsubishi,PUZ-WM85VAA,8.5,R32,2.898,50,110,54,39.17,21.05,1748,47.75956284,3
EOH0184,HT_ASHP,Vaillant,VWL 55/6 A 230V S2,5,R290,2.239,34,20,52,35.83,5.67,723,26.77777778,10
EOH0200,HT_ASHP,Vaillant,VWL 75/6 A 230V S2,7,R290,2.834,28,22,64,35.8725,7.5,956,37.49019608,16
EOH0218,HT_ASHP,Vaillant,VWL 105/6 A 230V S2,10,R290,2.885,30,4,0,34.03,5.02,1211,33.63888889,25
EOH0222,HT_ASHP,Vaillant,VWL 75/6 A 230V S2,7,R290,2.997,38,62,125,35.11,13.9,1089,34.24528302,9
EOH0226,ASHP,Daikin,EDLQ07CAV7,7,R410A,2.714,12,4,49,31.64,6.11,1412,42.78787879,29
EOH0227,HT_ASHP,Vaillant,VWL 75/6 A 230V S2,7,R290,2.707,84,80,178,46.845,20.795,2564,74.97076023,5
EOH0231,ASHP,Vaillant,VWL 55/3 A 230V,5,R410A,2.468,42,40,66,45.54,20.04,2203,83.4469697,16
EOH0233,HT_ASHP,Vaillant,VWL 125/6 A 230V S2,12,R290,3.406,26,16,78,30.96,5.29,1146,35.70093458,13
EOH0234,ASHP,Mitsubishi,PUZ-WM60VAA,6,R32,2.251,88,166,116,43.89,29.35,1404,60.77922078,4
EOH0238,HT_ASHP,Vaillant,VWL 55/6 A 230V S2,5,R290,3,32,20,123,38.465,7.59,747,46.11111111,16
EOH0240,HT_ASHP,Vaillant,VWL 75/6 A 230V S2,7,R290,3.493,158,142,370,35.845,17.935,1439,54.50757576,3
EOH0248,ASHP,Mitsubishi,PUZ-WM85VAA,8.5,R32,2.959,152,164,70,41.645,22.51,1453,48.43333333,4
EOH0254,HT_ASHP,Vaillant,VWL 55/6 A 230V S2,5,R290,2.758,44,96,90,43.015,15.69,1225,44.87179487,6
EOH0256,ASHP,Mitsubishi,PUZ-WM85VAA,8.5,R32,3.326,30,24,82,32.45,7.65,846,40.28571429,8
EOH0257,ASHP,Daikin,EDLQ07CAV3,7,R410A,2.158,12,4,42,36.84,3.39,1110,34.57943925,11
EOH0276,ASHP,Daikin,EDLQ07CAV7,7,R410A,2.438,6,4,44,30.54,2.85,845,26.57232704,70.5
EOH0277,HT_ASHP,Daikin,EPGA16DV,16,R32,2.756,20,6,90,51.72,12.27,1991,49.16049383,15
EOH0279,ASHP,Mitsubishi,PUHZ-W85VHAA,8.5,R410A,3.351,116,184,142,32.64,21.69,1723,49.94202899,4
EOH0286,HT_ASHP,Vaillant,VWL 125/6 A 230V S2,12,R290,3.379,40,56,48,36.0625,12.59,1843,42.07762557,8
EOH0290,ASHP,Mitsubishi,PUZ-WM112VAA,11.2,R32,3.042,52,15,52,44.475,10.79,1609,45.84045584,5
EOH0311,ASHP,Daikin,EDLQ011CAV3,11,R410A,1.951,16,4,158,28.775,3.31,1380,36.8,9
EOH0322,ASHP,Daikin,ERGA06DVA,6,R32,2.627,22,54,52,39.92,11.52,1984,64.20711974,7
EOH0324,HT_ASHP,Vaillant,VWL 75/6 A 230V S2,7,R290,2.652,30,22,68,39.43,5.9,975,39.63414634,20
EOH0332,HT_ASHP,Vaillant,VWL 55/6 A 230V S2,5,R290,2.674,28,58,38,40.74,18.96,1426,54.01515152,7
EOH0335,HT_ASHP,Vaillant,VWL 55/6 A 230V S2,5,R290,2.838,42,24,224,34.595,3.8,639,25.97560976,5
EOH0341,ASHP,Mitsubishi,PUZ-WM112VAA,11.2,R32,2.19,20,24,160,41.7,10.5,1225,38.52201258,3
EOH0346,ASHP,Mitsubishi,PUZ-WM85VAA,8.5,R32,3.206,162,96,164,37.17,18.14,1283,40.34591195,4
EOH0355,HT_ASHP,Vaillant,VWL 55/6 A 230V S2,5,R290,2.431,215,116,180,49.1225,24.215,1662,62.95454545,3
EOH0380,HT_ASHP,Vaillant,VWL 125/6 A 230V S2,12,R290,2.825,62,133,80,44.15,21.44,3424,70.4526749,4
EOH0388,HT_ASHP,Daikin,EPRA14DAV3,14,R32,2.193,26,2,108,44.87,15.09,1700,50.14749263,12
EOH0389,HT_ASHP,Vaillant,VWL 55/6 A 230V S2,5,R290,2.625,54,118,82,41.53,17.89,1682,62.99625468,3
EOH0391,HT_ASHP,Vaillant,VWL 75/6 A 230V S2,7,R290,2.3,26,98,53,30.72,3.7,1579,47.41741742,6
EOH0411,HT_ASHP,Vaillant,VWL 75/6 A 230V S2,7,R290,2.661,28,60,54,39.565,19.75,2088,60.52173913,13
EOH0432,HT_ASHP,Vaillant,VWL 75/6 A 230V S2,7,R290,2.603,48,88,65,37.79,23.22,2567,72.51412429,8
EOH0455,HT_ASHP,Vaillant,VWL 55/6 A 230V S2,5,R290,2.401,98,133,64,45.5,24.1,1759,63.04659498,4
EOH0457,HT_ASHP,Vaillant,VWL 55/6 A 230V S2,5,R290,2.694,58,58,94,42.175,14.575,1479,58,7
EOH0464,HT_ASHP,Vaillant,VWL 75/6 A 230V S2,7,R290,2.652,46,108,112,43.6275,21.565,2790,75.6097561,7
EOH0467,ASHP,Mitsubishi,PUHZ-W50VHA2,5,R410A,2.729,98,142,42,35.935,18.58,735,44.54545455,5
EOH0470,ASHP,Mitsubishi,PUZ-WM112VAA,11.2,R32,3.557,22,6,80,35,6.83,1293,39.90740741,13
EOH0474,HT_ASHP,Vaillant,VWL 55/6 A 230V S2,5,R290,2.918,44,82,98,31.38,11.22,823,39.19047619,4
EOH0487,ASHP,Daikin,EDLQ011CV3,11,R410A,2.339,16,2,70,35.99,4.87,1000,30.03003003,23
EOH0490,HT_ASHP,Vaillant,VWL 125/6 A 230V S2,12,R290,3.016,64,62,140,43.8825,21.28,3782,76.8699187,5
EOH0494,ASHP,Daikin,EDLQ07CAV8,7,R410A,2.661,2,4,46,27.54,1.28,774,23.88888889,77
EOH0495,HT_ASHP,Vaillant,VWL 125/6 A 230V S2,12,R290,2.809,76,62,98,41.43,17.93,2454,53.81578947,6
EOH0501,HT_ASHP,Vaillant,VWL 75/6 A 230V S2,7,R290,2.88,50,86,86,39.42,22.65,1735,48.59943978,5
EOH0516,ASHP,Mitsubishi,PUZ-WM85VAA,8.5,R32,3.649,157,94,184,35.75,18.945,1131,43.8372093,4
EOH0524,ASHP,Mitsubishi,PUHZ-W50VHA2,5,R410A,2.779,93,118,68,32.025,14.285,707,38.63387978,4
EOH0525,ASHP,Mitsubishi,PUZ-WM85VAA,8.5,R32,3.06,114,102,144,35.895,19.285,1088,35.21035599,3
EOH0526,ASHP,Mitsubishi,PUHZ-W50VHA2,5,R410A,3.016,98,102,108,32.3575,13.46,753,35.35211268,5
EOH0530,ASHP,Mitsubishi,PUZ-WM85VAA,8.5,R32,3.698,178,111,58,40.415,23.035,1947,58.46846847,4
EOH0534,ASHP,Mitsubishi,PUHZ-HW140VHA2R5,14,R410A,2.858,117,72,220,34.8525,11.15,1912,49.40568475,3
EOH0539,HT_ASHP,Vaillant,VWL 75/6 A 230V S2,7,R290,3.011,50,146,58,38.78,20.98,1966,56.01139601,4
EOH0543,HT_ASHP,Vaillant,VWL 125/6 A 230V S2,12,R290,2.895,38,24,18,35.06,9.11,1932,44.4137931,10
EOH0546,ASHP,Mitsubishi,PUHZ-W85VHAA,8.5,R410A,2.827,28,8,78,37.965,10.03,905,35.49019608,18
EOH0559,ASHP,Mitsubishi,PUHZ-W50VHA2,5,R410A,2.428,202,214,427,43.135,26.6,703,41.11111111,2
EOH0562,HT_ASHP,Vaillant,VWL 125/6 A 230V S2,12,R290,3.43,38,8,128,36.9,5.34,1354,36.10666667,11
EOH0567,ASHP,Daikin,EDLQ07CAV7,7,R410A,3.184,4,4,64,32.22,2.2,953,28.87878788,32.5
EOH0568,HT_ASHP,Vaillant,VWL 55/6 A 230V S2,5,R290,2.656,54,86,50,37.3725,18.035,1405,52.03703704,9
EOH0571,HT_ASHP,Vaillant,VWL 75/6 A 230V S2,7,R290,2.891,36,66,110,40.6525,15.645,1994,58.30409357,10
EOH0603,ASHP,Mitsubishi,PUZ-WM85VAA,8.5,R32,3.192,88,130,92,44.385,28.91,2324,66.21082621,5
EOH0605,ASHP,Daikin,EDLQ07CAV4,7,R410A,1.937,8,4,64,26.945,2.17,762,33.86666667,68
EOH0618,ASHP,Daikin,EDLQ014CV3,14,R410A,2.571,60,54,74,22.06,2.99,869,19.57207207,7
EOH0630,HT_ASHP,Vaillant,VWL 55/6 A 230V S2,5,R290,2.92,84,100,58,47.42,20.95,2017,81.00401606,5
EOH0637,ASHP,Mitsubishi,PUZ-HWM140VHA,14,R32,2.701,2,10,66,20.01,5.72,726,20,31
EOH0642,ASHP,Mitsubishi,PUZ-WM85VAA,8.5,R32,2.599,246,114,986,39.42,20.59,1086,37.31958763,2
EOH0643,ASHP,Mitsubishi,PUZ-WM85VAA,8.5,R32,2.821,0,6,398,18.425,0,245,10.08230453,3
EOH0648,ASHP,Mitsubishi,PUZ-HWM140VHA,14,R32,3.881,94,242,125,34.1475,17.21,1822,48.58666667,4
EOH0652,HT_ASHP,Daikin,EPRA18DAV3,18,R32,3.056,14,4,250,33.81,6.71,826,24.8048048,16
EOH0655,HT_ASHP,Vaillant,VWL 75/6 A 230V S2,7,R290,2.846,32,14,66,37.6675,6.825,995,38.56589147,9
EOH0667,HT_ASHP,Vaillant,VWL 55/6 A 230V S2,5,R290,2.516,102,23,28,38.79,15.11,1421,56.38888889,4
EOH0668,HT_ASHP,Vaillant,VWL 125/6 A 230V S2,12,R290,3.261,32,10,80,34.49,6.05,1381,33.84803922,12
EOH0669,ASHP,Daikin,EDLQ011CAV3,11,R410A,2.98,60,56,239,25.57,3.61,933,23.38345865,7
EOH0682,HT_ASHP,Vaillant,VWL 55/6 A 230V S2,5,R290,2.888,30,84,118,38.5775,21.285,1848,70,7
EOH0687,HT_ASHP,Vaillant,VWL 75/6 A 230V S2,7,R290,3.176,40,16,92,31.805,3.12,825,39.28571429,14.5
EOH0690,HT_ASHP,Daikin,EPRA18DV3,12,R32,2.408,12,4,180,35.7875,6.51,970,28.86904762,9
EOH0697,ASHP,Mitsubishi,PUZ-WM85VAA,8.5,R32,3.129,34,28,62,31.0125,9.4,720,30,11
EOH0702,ASHP,Daikin,EDLQ07CV3,7,R410A,2.47,14,4,32,36.175,3.31,1012,31.2345679,43
EOH0709,ASHP,Mitsubishi,PUZ-WM112VAA,11.2,R32,2.595,104,88,202,45.345,17.58,1065,54.61538462,3
EOH0732,HT_ASHP,Vaillant,VWL 125/6 A 230V S2,12,R290,3.251,22,10,56,38.485,8.19,1147,42.01465201,27
EOH0735,HT_ASHP,Vaillant,VWL 75/6 A 230V S2,7,R290,2.538,37,132,107,46.4775,22.27,2635,72.58953168,7
EOH0737,ASHP,Daikin,EDLQ07CV3,7,R410A,2.374,10,4,50,39.9625,4.38,1109,42.98449612,28
EOH0745,HT_ASHP,Vaillant,VWL 75/6 A 230V S2,7,R290,2.848,44,20,303,36.395,7.6,1144,34.66666667,5
EOH0746,ASHP,Mitsubishi,PUHZ-W50VHA2,5,R410A,2.236,10,54,42,19.7,4.5,369,17.57142857,5
EOH0764,ASHP,Mitsubishi,PUZ-WM85VAA,8.5,R32,3.084,113,124,60,30.64,15.2,719,39.94444444,3
EOH0766,HT_ASHP,Vaillant,VWL 75/6 A 230V S2,7,R290,3.061,34,46,64,37.8375,13.355,1209,36.97247706,10
EOH0769,ASHP,Mitsubishi,PUZ-WM85VAA-BS,8.5,R32,3.115,132,102,237,30.67,12.53,893,31.66666667,2
EOH0780,HT_ASHP,Vaillant,VWL 55/6 A 230V S2,5,R290,2.511,84,241,116,44.815,27.7,1998,73.18681319,3
EOH0788,ASHP,Mitsubishi,PUZ-WM85VAA,8.5,R32,2.57,36,26,96,41.48,13.92,1689,47.71186441,10
EOH0789,ASHP,Mitsubishi,PUZ-WM85VAA,8.5,R32,2.714,144,142,1011,34.485,15.36,886,42.19047619,2
EOH0793,ASHP,Daikin,EDLQ07CV3,7,R410A,2.854,4,4,46,35.53,2.58,912,28.67924528,65
EOH0809,HT_ASHP,Vaillant,VWL 75/6 A 230V S2,7,R290,2.561,22,18,58,34.525,5.76,1165,32.63305322,9
EOH0810,ASHP,Daikin,EDLQ011CAV3,11,R410A,2.908,16,2,48,30.11,4.12,964,29.21212121,38.5
EOH0813,HT_ASHP,Daikin,EPRA16DAV3,16,R32,2.922,27,24,278,36.135,14.25,1249,34.12568306,8
EOH0818,ASHP,Mitsubishi,PUHZ-W50VHA2,5,R410A,2.712,0,0,160,22.585,0,142,9.861111111,14
EOH0836,HT_ASHP,Daikin,EDLQ016CAV3,16,R410A,3,48,38,138,33.59,19.76,1398,40.87719298,4
EOH0837,ASHP,Daikin,EDLQ011CAV3,11,R410A,2.327,14,4,68,30.2225,4.685,1150,33.62573099,28.5
EOH0851,ASHP,Mitsubishi,PUHZ-W50VHA2,5,R410A,2.844,148,300,268,34.07,22.04,793,37.23004695,2
EOH0856,ASHP,Mitsubishi,PUZ-WM85VAA,8.5,R32,3.066,88,82,426,43.4925,22.175,1536,46.97247706,2
EOH0857,HT_ASHP,Vaillant,VWL 75/6 A 230V S2,7,R290,3.018,34,20,168,36.13,7.69,1078,33.89937107,9
EOH0859,ASHP,Mitsubishi,PUZ-WM85VAA,8.5,R32,2.614,28,20,136,45.85,16.2,1736,53.58024691,13
EOH0876,HT_ASHP,Vaillant,VWL 75/6 A 230V S2,7,R290,2.941,28,100,54,35.1375,18.09,2127,63.30357143,10
EOH0889,ASHP,Mitsubishi,PUZ-WM50VAA,5,R32,2.578,28,100,54,35.1375,18.09,2127,63.30357143,10
EOH0894,HT_ASHP,Daikin,EPRA14DAV3,14,R32,2.42,38,58,195,34.61,20.455,1523,44.14492754,4
EOH0896,ASHP,Mitsubishi,PUZ-WM85VAA,8.5,R32,3.16,104,102,171,36.62,17.24,1017,34.94845361,3
EOH0901,HT_ASHP,Vaillant,VWL 75/6 A 230V S2,7,R290,2.53,74,72,164,54.77,26.02,2033,57.42937853,4
EOH0922,HT_ASHP,Vaillant,VWL 75/6 A 230V S2,7,R290,3.029,40,58,62,34.995,18.84,1525,44.98525074,6
EOH0934,ASHP,Daikin,EDLQ011CV3,11,R410A,2.806,14,2,60,32.08,5.59,1166,29.8974359,50
EOH0937,ASHP,Mitsubishi,PUZ-HWM140VHA,14,R32,2.818,106,130,207,39.68,16.74,1629,44.50819672,3
EOH0943,HT_ASHP,Vaillant,VWL 125/6 A 230V S2,12,R290,3.698,30,16,74,36.23,8.11,1305,40.27777778,17
EOH0953,HT_ASHP,Vaillant,VWL 75/6 A 230V S2,7,R290,2.694,30,20,72,36.465,6.19,1370,40.77380952,11
EOH0957,ASHP,Daikin,EDLQ011CAV3,11,R410A,3.096,32,10,70,39.05,13,1807,46.33333333,16.5
EOH0963,ASHP,Mitsubishi,PUHZ-W50VHA2,5,R410A,3.188,6,0,704,30.9125,0.46,238,10.3030303,3
EOH0975,ASHP,Mitsubishi,PUZ-WM85VAA,8.5,R32,2.787,108,110,106,31.1325,15.505,849,40.42857143,4
EOH0979,ASHP,Daikin,EDLQ07CV3,7,R410A,2.807,6,2,52,26.77,1.82,767,24.11949686,33
EOH0988,ASHP,Mitsubishi,PUHZ-W50VHAR2-BS,5,R410A,2.351,50,62,159,31.0375,9.81,429,20.72463768,3
EOH0991,ASHP,Mitsubishi,PUZ-WM112VAA,11.2,R32,2.216,20,14,193,42.57,5.36,729,24.54545455,13
EOH1018,HT_ASHP,Vaillant,VWL 125/6 A 230V S2,12,R290,2.447,26,92,52,37.15,14.45,3346,68.42535787,9
EOH1041,ASHP,Daikin,EDLQ07CAV3,7,R410A,2.682,10,4,42,31.32,2.58,979,31.07936508,14
EOH1042,HT_ASHP,Vaillant,VWL 75/6 A 230V S2,7,R290,3.159,30,14,60,34.99,5.365,933,29.06542056,11
EOH1048,HT_ASHP,Vaillant,VWL 75/6 A 230V S2,7,R290,2.991,36,18,110,38.3825,6.26,1094,31.98830409,9
EOH1062,ASHP,Mitsubishi,PUZ-WM85VAA,8.5,R32,3.123,78,88,58,34.705,16.83,1299,43.3,6
EOH1097,HT_ASHP,Vaillant,VWL 105/6 A 230V S2,10,R290,2.278,28,40,44,37.915,8.655,2027,43.31196581,9
EOH1103,ASHP,Daikin,EDLQ07CV3,7,R410A,3.163,12,4,56,32.07,3.75,937,33.22695035,29.5
EOH1109,HT_ASHP,Vaillant,VWL 75/6 A 230V S2,7,R290,2.182,30,20,81,52.91,9.025,1189,42.61648746,17
EOH1114,HT_ASHP,Vaillant,VWL 125/6 A 230V S2,12,R290,3.285,28,14,60,34.18,5.52,1266,42.62626263,22
EOH1131,HT_ASHP,Vaillant,VWL 75/6 A 230V S2,7,R290,2.948,26,46,40,36.195,9.98,1076,37.75438596,8
EOH1147,ASHP,Mitsubishi,PUZ-WM112VAA,11.2,R32,3.017,88,108,86,36.8875,18.26,1317,42.62135922,4
EOH1154,ASHP,Daikin,EDLQ011CV3,11,R410A,2.601,12,4,44,27.48,2.06,819,21.66666667,15
EOH1166,HT_ASHP,Vaillant,VWL 75/6 A 230V S2,7,R290,2.604,30,120,80,37.28,22.19,1827,70.81395349,8
EOH1175,ASHP,Mitsubishi,PUHZ-HW140VHA2R5,14,R410A,2.484,94,62,287,39.74,14.47,1664,42.99741602,4
EOH1183,ASHP,Vaillant,VWL 55/3 A 230V,5,R410A,2.122,14,190,34,19.33,1.06,2469,80.68627451,4
EOH1186,HT_ASHP,Vaillant,VWL 125/6 A 230V S2,12,R290,3.14,34,12,45,36.85,5.495,1509,34.93055556,16
EOH1207,ASHP,Mitsubishi,PUZ-WM85VAA,8.5,R32,2.957,40,78,58,35.38,8.23,1069,35.28052805,4
EOH1233,HT_ASHP,Vaillant,VWL 75/6 A 230V S2,7,R290,3.402,46,36,186,35.2,10.83,1229,37.24242424,8
EOH1239,HT_ASHP,Vaillant,VWL 75/6 A 230V S2,7,R290,2.961,90,112,176,46.86,21.52,2219,62.15686275,5
EOH1249,ASHP,Vaillant,VWL 55/3 A 230V,5,R410A,2.039,8,10,16,50.465,17.845,1709,67.01960784,17
EOH1251,ASHP,Mitsubishi,PUZ-WM85VAA,8.5,R32,2.808,86,130,150,35.5,21.93,1148,39.45017182,3
EOH1254,HT_ASHP,Vaillant,VWL 75/6 A 230V S2,7,R290,3.17,60,52,42,39.725,10.68,1906,56.22418879,5
EOH1279,HT_ASHP,Vaillant,VWL 75/6 A 230V S2,7,R290,2.907,28,26,108,37.48,5.59,1144,29.56072351,7
EOH1285,HT_ASHP,Vaillant,VWL 105/6 A 230V S2,10,R290,1.472,18,12,38,45.87,5.84,1524,35.77464789,18
EOH1290,ASHP,Daikin,EDLQ011CAV3,11,R410A,2.654,14,8,52,26.23,3.03,920,28.13455657,17
EOH1302,ASHP,Daikin,EDLQ07CAV3,7,R410A,2.79,12,4,44,33.47,5.28,1289,42.96666667,37
EOH1304,ASHP,Daikin,EDLQ07CAV3,7,R410A,2.574,2,4,70,26.27,1.83,1044,33.14285714,14
EOH1306,ASHP,Mitsubishi,PUZ-WM60VAA,6,R32,3.351,16,6,92,38.94,9.235,837,36.23376623,15
EOH1311,ASHP,Mitsubishi,PUZ-WM112VAA,11.2,R32,3.037,22,76,136,35.21,7.25,1409,48.41924399,3
EOH1318,ASHP,Daikin,EDLQ07CAV3,7,R410A,2.753,12,4,112,36.665,3.73,1003,40.77235772,15.5
EOH1327,HT_ASHP,Vaillant,VWL 75/6 A 230V S2,7,R290,2.61,44,70,44,39.2875,17.47,1690,49.85250737,7
EOH1328,HT_ASHP,Vaillant,VWL 125/6 A 230V S2,12,R290,2.345,36,70,61,43.3625,14.525,3258,67.03703704,6
EOH1330,ASHP,Mitsubishi,PUZ-WM85VAA,8.5,R32,1.866,0,0,539,31.06,0,345,12.23404255,4
EOH1334,ASHP,Vaillant,VWL 55/3 A 230V,5,R410A,2.404,42,50,30,43.805,26.005,1969,75.44061303,5
EOH1336,ASHP,Mitsubishi,PUZ-WM85VAA,8.5,R32,2.496,96,93,162,37.84,18.38,910,36.99186992,3
EOH1363,HT_ASHP,Vaillant,VWL 125/6 A 230V S2,12,R290,3.147,38,20,74,44.06,8.17,1909,41.86403509,12
EOH1365,HT_ASHP,Vaillant,VWL 55/6 A 230V S2,5,R290,2.789,40,22,46,39.49,6.38,876,33.95348837,9.5
EOH1366,ASHP,Mitsubishi,PUZ-HWM140VHA,14,R32,3.892,128,88,118,35.895,13.48,1661,48.56725146,5
EOH1377,ASHP,Daikin,EDLQ07CAV3,7,R410A,2.021,2,4,66,29.365,1.59,730,28.96825397,67
EOH1390,ASHP,Mitsubishi,PUHZ-HW140VHA2R5,14,R410A,2.739,107,80,369,34.355,11.29,1279,39.47530864,3
EOH1392,HT_ASHP,Vaillant,VWL 55/6 A 230V S2,5,R290,3.078,36,44,52,39.285,11.08,1288,49.92248062,10.5
EOH1400,ASHP,Daikin,EDLQ011CV3,11,R410A,3.41,18,4,34,36.42,6.4,1358,44.37908497,33
EOH1401,ASHP,Daikin,EDLQ07LAV3,7,R410A,2.325,2,2,58,26.505,1.7,684,21.30841121,51.5
EOH1404,ASHP,Daikin,EDLQ011CV3,11,R410A,2.432,18,12,143,26.6,1.82,709,20.73099415,13
EOH1406,ASHP,Mitsubishi,PUZ-WM85VAA,8.5,R32,3.504,128,112,58,39.99,20.99,1582,50.70512821,5
EOH1409,ASHP,Mitsubishi,PUZ-WM112VAA,11.2,R32,2.879,0,0,74,18.81,0,293,7.813333333,8
EOH1411,HT_ASHP,Vaillant,VWL 55/6 A 230V S2,5,R290,2.581,34,48,114,48.51,18.28,1897,71.85606061,10
EOH1412,ASHP,Mitsubishi,PUZ-WM85VAA,8.5,R32,3.13,70,136,132,33.45,16.99,1075,43.17269076,4
EOH1415,ASHP,Daikin,EDLQ07CAV3,7,R410A,2.664,10,4,60,31.3375,3.095,982,37.1969697,33
EOH1426,ASHP,Mitsubishi,PUZ-WM112VAA-BS,11.2,R32,3.183,134,84,422,40.03,16.37,1326,43.76237624,3
EOH1446,HT_ASHP,Vaillant,VWL 125/6 A 230V S2,12,R290,4.003,19,0,88,32.245,7.335,678,22.37623762,18
EOH1459,ASHP,Daikin,EDLQ011CV3,11,R410A,2.42,14,2,36,29.53,3.84,829,26.31746032,53
EOH1471,HT_ASHP,Vaillant,VWL 55/6 A 230V S2,5,R290,3.275,64,72,220,49.31,17.62,2218,77.8245614,7
EOH1472,ASHP,Daikin,EDLQ07CV3,7,R410A,2.252,79,124,543,43.865,21.165,1716,59.58333333,3
EOH1484,HT_ASHP,Vaillant,VWL 105/6 A 230V S2,10,R290,2.858,24,10,159,40.51,4.57,1668,38.61111111,14
EOH1502,HT_ASHP,Vaillant,VWL 75/6 A 230V S2,7,R290,2.73,40,50,119,37.695,11.49,2015,55.97222222,8
EOH1521,ASHP,Daikin,EDLQ05CAV3,5,R410A,2.768,10,6,28,31.62,5.85,932,41.42222222,37
EOH1530,ASHP,Mitsubishi,PUHZ-W112VAA,11.2,R410A,3.474,82,102,104,36.385,17.17,1435,34.91484185,6
EOH1544,HT_ASHP,Vaillant,VWL 125/6 A 230V S2,12,R290,2.829,34,40,76,42.58,18.84,3313,67.33739837,9
EOH1557,HT_ASHP,Vaillant,VWL 55/6 A 230V S2,5,R290,2.074,16,6,50,53.6575,3.72,1349,54.17670683,6
EOH1562,ASHP,Mitsubishi,PUZ-WM85VAA,8.5,R32,3.427,122,83,842,32.08,11.28,711,39.5,3
EOH1576,HT_ASHP,Vaillant,VWL 55/6 A 230V S2,5,R290,2.736,62,16,313,32.585,3.05,897,33.97727273,4
EOH1602,HT_ASHP,Vaillant,VWL 125/6 A 230V S2,12,R290,2.622,30,28,54,38.525,8.8,1625,49.6941896,20
EOH1607,ASHP,Mitsubishi,PUZ-WM85VAA,8.5,R32,2.427,72,86,254,24.46,3.25,755,36.47342995,4
EOH1614,ASHP,Mitsubishi,PUZ-WM85VAA-BS,8.5,R32,2.765,118,172,104,37.29,21.42,872,44.71794872,2
EOH1629,ASHP,Mitsubishi,PUHZ-HWM140VHA,14,R32,2.549,76,62,257,38.525,16.36,1569,39.02985075,3
EOH1646,ASHP,Mitsubishi,PUZ-WM85VAA,8.5,R32,2.713,66,88,104,39.71,18.84,1089,37.04081633,4
EOH1660,ASHP,Mitsubishi,PUZ-WM85VAA,8.5,R32,3.382,138,104,744,31.94,17.2,890,33.33333333,2
EOH1663,HT_ASHP,Vaillant,VWL 75/6 A 230V S2,7,R290,2.778,26,10,118,37.92,4.15,824,34.33333333,14
EOH1666,HT_ASHP,Vaillant,VWL 125/6 A 230V S2,12,R290,2.949,22,20,48,37.77,5.78,1644,35.35483871,9.5
EOH1669,HT_ASHP,Vaillant,VWL 75/6 A 230V S2,7,R290,2.493,56,120,79,42,25.01,2757,77.88135593,3.5
EOH1671,ASHP,Mitsubishi,PUHZ-W50VHA2,5,R410A,2.717,40,75,54,31.06,11.02,468,27.36842105,5
EOH1684,ASHP,Daikin,EDLQ07CAV3,7,R410A,3.082,4,4,32,26.78,1.25,552,27.87878788,78
EOH1685,ASHP,Daikin,EDLQ011CV3,11,R410A,2.077,12,2,36,32.1,4.13,1011,29.05172414,54.5
EOH1686,HT_ASHP,Vaillant,VWL 105/6 A 230V S2,10,R290,2.629,102,179,58,55.24,25.29,2896,60.33333333,3
EOH1688,HT_ASHP,Daikin,EPRA14DAV3,14,R32,2.456,4,0,86,21.64,0.06,541,16.10119048,14
EOH1700,ASHP,Mitsubishi,PUHZ-W85VHAA,8.5,R410A,2.697,158,100,54,41.42,20.11,1091,30.81920904,4
EOH1703,ASHP,Daikin,EDLQ07CAV3,7,R410A,2.672,10,4,47,30.875,3.42,966,30.37735849,55
EOH1704,ASHP,Daikin,EDLQ07CV3,7,R410A,2.799,14,4,52,43.64,3.965,1076,49.13242009,32
EOH1705,ASHP,Mitsubishi,PUZ-WM85VAA,8.5,R32,3.205,97,112,116,36.1075,17.185,1028,41.78861789,3
EOH1711,HT_ASHP,Vaillant,VWL 75/6 A 230V S2,7,R290,3.91,30,12,58,39.22,6.25,1030,34.68013468,14
EOH1718,ASHP,Mitsubishi,PUZ-WM85VAA,8.5,R32,2.391,177,124,426,49.2825,26.315,1440,48.48484848,2
EOH1725,ASHP,Daikin,EDLQ011CV3,11,R410A,1.575,18,2,46,44.535,5.58,1316,35.09333333,30
EOH1735,HT_ASHP,Daikin,EPRA14DAV3,14,R32,2.435,92,70,164,48.03,23.29,1666,54.44444444,4
EOH1738,HT_ASHP,Vaillant,VWL 75/6 A 230V S2,7,R290,3.127,32,16,60,37.32,6.42,1027,36.81003584,12
EOH1744,ASHP,Daikin,EDLQ05CV3,5,R410A,2.771,8,4,36,36.495,1.73,755,31.06995885,47
EOH1753,ASHP,Daikin,EPGA14DAV3,14,R32,2.376,24,2,352,43.13,6.61,2001,49.40740741,16
EOH1761,HT_ASHP,Vaillant,VWL 105/6 A 230V S2,10,R290,3.366,34,10,52,33.45,6.38,1259,31.79292929,10
EOH1764,ASHP,Daikin,EDLQ014CAV3,14,R410A,3.412,24,2,94,35.77,6.11,1250,36.5497076,13
EOH1771,HT_ASHP,Vaillant,VWL 125/6 A 230V S2,12,R290,3.304,24,14,42,31.785,6.08,1110,33.63636364,15
EOH1777,ASHP,Daikin,EDLQ07CV3,7,R410A,2.225,27,86,46,39.0775,4.34,1941,56.75438596,7
EOH1818,ASHP,Mitsubishi,PUZ-WM85VAA,8.5,R32,3.643,74,117,158,44.51,24.29,1115,42.72030651,2
EOH1826,ASHP,Daikin,EDLQ014CV3,14,R410A,3.452,4,16,30,29.3325,3.57,629,13.7037037,26
EOH1834,ASHP,Daikin,EDHQ016BB6V3-104696,16,R410A,2.169,12,4,38,36.24,5.19,1325,32.960199,42
EOH1839,ASHP,Mitsubishi,PUZ-WM85VAA,8.5,R32,2.832,0,6,84,29.31,0,414,17.69230769,9
EOH1852,ASHP,Mitsubishi,PUHZ-HW140VHA2R5,14,R410A,2.809,86,84,26,34.705,11.43,1756,47.58807588,6
EOH1872,HT_ASHP,Vaillant,VWL 75/6 A 230V S2,7,R290,3.105,30,12,67,36.71,3.49,1038,32.3364486,17
EOH1888,ASHP,Mitsubishi,PUZ-WM85VAA,8.5,R32,3.142,16,22,104,28.6675,6.085,683,36.72043011,18
EOH1891,ASHP,Mitsubishi,PUZ-WM85VAA,8.5,R32,3.178,94,118,164,33.51,18.56,892,38.61471861,3
EOH1893,HT_ASHP,Vaillant,VWL 75/6 A 230V S2,7,R290,3.584,34,58,72,35.7875,9.26,1375,47.25085911,14
EOH1904,ASHP,Mitsubishi,PUZ-WM112VAA,11.2,R32,3.265,24,12,480,36.73,9.89,1257,33.79032258,7
EOH1918,HT_ASHP,Vaillant,VWL 75/6 A 230V S2,7,R290,1.941,44,22,198,58.1275,7.845,1656,46,6
EOH1925,HT_ASHP,Vaillant,VWL 55/6 A 230V S2,5,R290,2.636,82,114,120,47.88,21.22,2356,83.54609929,5
EOH1934,ASHP,Mitsubishi,PUZ-WM112VAA,11.2,R32,2.656,20,20,63,33.21,7.8,993,31.22641509,12
EOH1942,HT_ASHP,Vaillant,VWL 75/6 A 230V S2,7,R290,3.187,36,54,106,37.995,14.6,2194,63.5942029,8
EOH1944,ASHP,Mitsubishi,PUZ-WM85VAA,8.5,R32,3.259,4,2,116,28.86,3.12,735,27.84090909,16
EOH1947,ASHP,Daikin,EDLQ07CAV3,7,R410A,2.649,4,4,50,30.84,3,914,35.01915709,23
EOH1954,ASHP,Mitsubishi,PUHZ-W50VHA2,5,R410A,2.796,40,74,112,35.41,9.53,569,24.00843882,5
EOH1960,HT_ASHP,Vaillant,VWL 125/6 A 230V S2,12,R290,3.775,30,30,36,30.9725,4.68,1411,38.23848238,16
EOH1965,HT_ASHP,Daikin,EPRA16DAV3,16,R32,2.601,52,2,195,42.54,14.35,1890,49.60629921,7
EOH1977,ASHP,Daikin,EDLQ011CV3,11,R410A,2.895,16,2,44,31.34,5.41,1133,32.00564972,35
EOH1985,HT_ASHP,Vaillant,VWL 75/6 A 230V S2,7,R290,2.74,90,209,50,45.85,27.105,2813,80.14245014,3
EOH1988,HT_ASHP,Daikin,EPRA14DAV3,14,R32,2.683,88,26,262,45.025,18.445,1622,44.31693989,3
EOH1993,HT_ASHP,Vaillant,VWL 55/6 A 230V S2,5,R290,2.946,54,26,220,36.985,6.3,959,37.60784314,6
EOH1997,HT_ASHP,Vaillant,VWL 105/6 A 230V S2,10,R290,2.714,30,12,102,52.5425,7.1,1818,38.84615385,11
EOH2007,ASHP,Mitsubishi,PUZ-WM85VAA,8.5,R32,3.332,28,22,159,31.145,7.68,572,32.31638418,11
EOH2011,HT_ASHP,Vaillant,VWL 75/6 A 230V S2,7,R290,3.047,36,16,46,39.06,7.975,1132,33.99399399,13
EOH2024,HT_ASHP,Vaillant,VWL 75/6 A 230V S2,7,R290,2.917,36,66,82,40.19,23.19,2535,70.41666667,10.5
EOH2025,ASHP,Mitsubishi,PUZ-WM85VAA,8.5,R32,2.735,114,130,58,30.16,12.36,655,36.38888889,4
EOH2034,ASHP,Daikin,EDLQ05CAV3,5,R410A,2.256,2,4,26,26.05,1.61,895,32.07885305,10
EOH2036,HT_ASHP,Vaillant,VWL 75/6 A 230V S2,7,R290,2.478,84,140,28,45.28,18.31,1725,67.64705882,6
EOH2038,ASHP,Mitsubishi,PUZ-HWM140VHA,14,R32,2.786,52,2,295,34.9725,6.145,956,26.12021858,5
EOH2049,ASHP,Daikin,EDLQ011CAV3,11,R410A,2.165,16,4,68,34.59,8.79,1489,39.60106383,28
EOH2052,HT_ASHP,Vaillant,VWL 75/6 A 230V S2,7,R290,2.67,34,14,178,39.925,8.35,975,28.76106195,6
EOH2074,ASHP,Mitsubishi,PUZ-WM50VHA-BS,5,R32,2.026,324,346,727,29.4,15.23,442,50.8045977,1
EOH2079,HT_ASHP,Vaillant,VWL 75/6 A 230V S2,7,R290,2.805,28,20,98,38.015,8.39,1216,35.24637681,14
EOH2088,ASHP,Daikin,EDLQ07CAV3,7,R410A,2.356,4,4,40,26.18,1.5,719,23.04487179,64
EOH2097,ASHP,Daikin,EDLQ014CAV3,14,R410A,2.698,20,4,74,32.11,4.605,1318,31.83574879,17
EOH2101,ASHP,Mitsubishi,PUHZ-W85VHAA,8.5,R410A,2.522,126,106,32,43.9875,25.37,1516,49.06148867,5
EOH2117,HT_ASHP,Vaillant,VWL 75/6 A 230V S2,7,R290,2.216,58,126,82,45.855,25.89,2701,73.79781421,5
EOH2122,HT_ASHP,Vaillant,VWL 75/6 A 230V S2,7,R290,2.681,74,162,60,41.72,23.75,2738,78.00569801,5
EOH2125,ASHP,Daikin,EDLQ07CAV7,7,R410A,2.756,56,34,22,41.725,21.755,2160,63.71681416,9
EOH2127,ASHP,Mitsubishi,PUHZ-W50VHA2,5,R410A,2.951,42,34,190,30.34,7.63,366,21.03448276,7
EOH2128,ASHP,Daikin,EDLQ07CAV7,7,R410A,2.413,10,4,50,30.22,3.3,970,34.39716312,62
EOH2133,ASHP,Mitsubishi,PUHZ-W50VHA2,5,R410A,2.593,0,0,56,21.3,0,100,4.761904762,87
EOH2137,HT_ASHP,Vaillant,VWL 125/6 A 230V S2,12,R290,2.959,32,16,58,40.625,7.79,1635,35.38961039,8
EOH2149,HT_ASHP,Vaillant,VWL 55/6 A 230V S2,5,R290,3.004,34,46,101,39.09,9.335,930,38.27160494,5
EOH2163,HT_ASHP,Vaillant,VWL 55/6 A 230V S2,5,R290,2.283,38,62,94,46.82,14.88,1442,53.40740741,6
EOH2166,ASHP,Daikin,EDLQ07CV3,7,R410A,2.548,10,4,62,36.42,2.18,894,36.79012346,50.5
EOH2168,HT_ASHP,Vaillant,VWL 125/6 A 230V S2,12,R290,2.661,48,62,48,42.6,19.88,3055,62.8600823,5
EOH2177,ASHP,Daikin,EDLQ011CAV3,11,R410A,2.741,14,4,64,31.2375,6.15,1318,35.43010753,35
EOH2179,ASHP,Daikin,EDLQ07CAV3,7,R410A,2.781,10,4,51,26.62,2.22,843,27.54901961,59
EOH2192,ASHP,Daikin,EDLQ16CAV3,16,R410A,2.015,14,4,38,39.735,5.56,1426,36.28498728,28
EOH2212,ASHP,Vaillant,VWL 55/3 A 230V,5,R410A,2.477,30,68,32,43.03,22.035,1702,65.21072797,8
EOH2214,ASHP,Mitsubishi,PUZ-WM85VAA,8.5,R32,2.743,74,122,44,42.27,21.4,1377,49.35483871,4
EOH2232,HT_ASHP,Vaillant,VWL 75/6 A 230V S2,7,R290,2.721,68,127,144,49.3925,20.25,2521,72.44252874,5
EOH2234,ASHP,Daikin,EDLQ016CAV3,16,R410A,2.484,28,20,62,32.335,4.77,999,25.61538462,13
EOH2239,ASHP,Mitsubishi,PUZ-WM112VAA,11.2,R32,2.703,34,68,50,35.09,18.03,1222,36.04719764,6
EOH2241,HT_ASHP,Vaillant,VWL 75/6 A 230V S2,7,R290,3.38,36,24,68,34.13,3.68,867,34.81927711,15
EOH2244,ASHP,Mitsubishi,PUZ-WM112VAA,11.2,R32,3.143,22,4,26,36.9725,6.2,1232,32.08333333,14
EOH2252,ASHP,Mitsubishi,PUZ-WM60VAA,6,R32,2.995,30,0,179,41.58,8.86,644,29.81481481,9
EOH2254,HT_ASHP,Vaillant,VWL 75/6 A 230V S2,7,R290,3.185,32,20,66,37.32,6.42,958,48.38383838,18
EOH2255,HT_ASHP,Vaillant,VWL 125/6 A 230V S2,12,R290,2.859,32,100,79,42.36,17.38,3134,64.48559671,6
EOH2262,HT_ASHP,Vaillant,VWL 125/6 A 230V S2,12,R290,2.75,38,108,52,41.53,21.49,3790,76.56565657,7
EOH2276,HT_ASHP,Vaillant,VWL 125/6 A 230V S2,12,R290,3.661,26,12,48,36.35,4.795,1460,37.15012723,14
EOH2278,ASHP,Daikin,EDLQ07CV3,7,R410A,2.26,12,4,66,40.21,3.99,956,32.18855219,45
EOH2280,ASHP,Daikin,EDLQ07CAV7,7,R410A,2.732,40,42,52,35.415,17.08,1934,62.58899676,14
EOH2283,ASHP,Daikin,ERGA08DVA,8,R32,2.473,56,62,208,38.13,7.88,1106,44.95934959,3
EOH2303,HT_ASHP,Vaillant,VWL 75/6 A 230V S2,7,R290,2.714,40,56,54,36.68,8.73,1366,40.29498525,6
EOH2306,HT_ASHP,Vaillant,VWL 125/6 A 230V S2,12,R290,2.106,32,86,50,42.655,20.715,3054,62.07317073,6
EOH2307,ASHP,Mitsubishi,PUHZ-W50VHA2,5,R410A,1.848,26,24,65,31.78,9.59,494,18.0952381,13
EOH2313,ASHP,Mitsubishi,PUZ-WM85VAA,8.5,R32,2.638,0,0,139,24.32,0,205,5.694444444,15
EOH2320,ASHP,Mitsubishi,PUZ-WM112VAA,11.2,R32,2.303,41,16,100,36.67,9.645,1319,35.45698925,6
EOH2325,HT_ASHP,Vaillant,VWL 75/6 A 230V S2,7,R290,3.044,70,268,46,31.595,17.78,2020,57.54985755,3
EOH2329,ASHP,Mitsubishi,PUHZ-W85VHAA,8.5,R410A,2.408,58,102,16,42.43,26.36,1483,48.94389439,5
EOH2333,ASHP,Daikin,EDLQ07CAV7,7,R410A,2.773,10,4,58,29.205,2.86,1033,32.79365079,46
EOH2334,HT_ASHP,Daikin,EPRA14DAV3,14,R32,2.945,34,2,113,30.2975,6.4,605,18.67283951,4
EOH2339,HT_ASHP,Vaillant,VWL 55/6 A 230V S2,5,R290,3.057,36,77,42,35.445,7.65,744,30.61728395,8
EOH2342,ASHP,Daikin,EDLQ07CV3,7,R410A,2.218,12,4,49,38.4,4.25,1176,37.33333333,25.5
EOH2359,ASHP,Mitsubishi,PUHZ-W50VHA2,5,R410A,3.157,34,10,112,31.275,7.44,371,24.24836601,10
EOH2361,HT_ASHP,Vaillant,VWL 125/6 A 230V S2,12,R290,3.532,30,12,74,30.235,4.36,1173,35.87155963,17
EOH2366,HT_ASHP,Daikin,EPRA16DAV3,16,R32,2.808,12,0,172,24.41,1.28,853,22.04134367,9
EOH2386,ASHP,Daikin,EDLQ07CAV3,7,R410A,2.216,4,4,59,31.53,1.79,974,30.0617284,53
EOH2398,ASHP,Mitsubishi,PUHZ-W50VHA2,5,R410A,2.547,6,24,62,19.09,0.23,267,15.34482759,8
EOH2405,HT_ASHP,Vaillant,VWL 125/6 A 230V S2,12,R290,2.941,40,120,68,43.42,15.43,2235,47.75641026,7
EOH2409,HT_ASHP,Vaillant,VWL 55/6 A 230V S2,5,R290,2.427,26,90,72,40.64,24.83,1876,71.06060606,10
EOH2414,HT_ASHP,Vaillant,VWL 55/6 A 230V S2,5,R290,2.663,84,218,106,43.92,25.29,1982,74.23220974,3
EOH2416,ASHP,Daikin,EDLQ07CAV5,7,R410A,3.002,4,4,36,31.19,3.09,940,29.2834891,62
EOH2418,ASHP,Mitsubishi,PUZ-WM85VAA-BS,8.5,R32,2.659,264,138,956,47.16,20.18,1320,44,1
EOH2422,ASHP,Mitsubishi,PUZ-WM112VAA,11.2,R32,2.924,20,26,36,39.28,11.01,1373,37.20867209,5
EOH2430,HT_ASHP,Vaillant,VWL 55/6 A 230V S2,5,R290,2.464,74,94,88,48.11,17.93,1351,50.03703704,6
EOH2436,HT_ASHP,Vaillant,VWL 125/6 A 230V S2,12,R290,3.472,30,14,70,34.18,7.14,1393,32.24537037,10
EOH2448,HT_ASHP,Vaillant,VWL 75/6 A 230V S2,7,R290,2.554,28,13,52,34.5,4.77,885,25.87719298,16
EOH2450,HT_ASHP,Vaillant,VWL 105/6 A 230V S2,10,R290,2.892,88,48,24,44.075,20.565,2679,55.12345679,9
EOH2466,HT_ASHP,Vaillant,VWL 125/6 A 230V S2,12,R290,3.156,44,40,44,36.145,14.39,3259,66.2398374,10
EOH2468,ASHP,Daikin,EDLQ07CAV3,7,R410A,2.342,4,4,44,25.515,1.47,997,30.48929664,15
EOH2483,ASHP,Mitsubishi,PUHZ-HW140VHA2,14,R410A,3.881,0,0,92,21.9,0,183,5.596330275,95.5
EOH2484,ASHP,Mitsubishi,PUHZ-W50VHA2,5,R410A,2.742,82,74,262,36.55,17.1,659,39.22619048,4
EOH2488,HT_ASHP,Vaillant,VWL 125/6 A 230V S2,12,R290,3.081,34,12,120,36.98,4.71,1395,33.69565217,14
EOH2497,HT_ASHP,Vaillant,VWL 75/6 A 230V S2,7,R290,2.93,20,6,68,34.46,4.68,476,23.68159204,43
EOH2504,ASHP,Daikin,EDLQ014CV3,14,R410A,2.586,0,6,42,19.34,0,312,7.375886525,36
EOH2508,ASHP,Daikin,EDLQ07CAV3,7,R410A,2.639,2,2,60,25.645,1.28,828,28.45360825,31
EOH2510,ASHP,Daikin,EDLQ011CV3,11,R410A,2.422,0,0,52,32.25,0,370,11.21212121,40
EOH2516,ASHP,Mitsubishi,PUZ-WM85VAA,8.5,R32,3.102,84,116,51,36.025,19.235,1298,48.61423221,5
EOH2523,ASHP,Mitsubishi,PUHZ-W50VHA2,5,R410A,3.028,120,94,90,41.99,22.08,967,48.83838384,4
EOH2524,HT_ASHP,Vaillant,VWL 105/6 A 230V S2,10,R290,2.824,76,106,52,43.53,20.94,2733,56.58385093,6
EOH2526,ASHP,Mitsubishi,PUZ-WM85VAA,8.5,R32,2.666,164,130,282,31.165,15.585,682,39.88304094,3
EOH2531,ASHP,Daikin,EDLQ011CAV3,11,R410A,1.664,22,18,40,33.3675,8.725,1663,46.58263305,21
EOH2537,HT_ASHP,Daikin,EBLA16DA3V3,16,R32,2.59,2,4,84,20.965,0.27,586,21.94756554,7
EOH2544,HT_ASHP,Vaillant,VWL 125/6 A 230V S2,12,R290,2.894,68,74,88,45.795,26.67,3430,69.71544715,7
EOH2549,ASHP,Mitsubishi,PUZ-WM85VAA,8.5,R32,3.383,50,90,64,38.24,10.96,1175,39.16666667,4
EOH2561,ASHP,Daikin,EDLQ07CAV3,7,R410A,2.233,12,4,37,30.82,5.69,1114,39.92831541,25
EOH2564,HT_ASHP,Vaillant,VWL 75/6 A 230V S2,7,R290,2.854,30,16,58,40.53,9.345,1457,41.50997151,10
EOH2568,HT_ASHP,Vaillant,VWL 125/6 A 230V S2,12,R290,3.257,38,14,100,32.4075,5.17,1689,37.03947368,7
EOH2577,ASHP,Mitsubishi,PUZ-HWM140VHA-BS,14,R32,2.786,16,10,228,36.1625,2.095,1427,37.75132275,2
EOH2578,HT_ASHP,Vaillant,VWL 125/6 A 230V S2,12,R290,3.069,38,18,66,43.905,10.415,2119,44.42348008,10
EOH2584,ASHP,Mitsubishi,PUHZ-W50VHA2,5,R410A,2.398,0,0,42,18.75,0,106,6.091954023,124
EOH2586,ASHP,Mitsubishi,PUZ-WM112VAA,11.2,R32,3.298,58,54,190,38.41,13.73,1287,34.59677419,4
EOH2595,ASHP,Mitsubishi,PUZ-WM112VAA,11.2,R32,2.97,6,2,448,24.27,1.27,672,17.5,4
EOH2609,ASHP,Mitsubishi,PUZ-HWM140VHA-BS,14,R32,3.242,88,80,288,43.1675,22.915,2279,52.75462963,4
EOH2612,HT_ASHP,Vaillant,VWL 75/6 A 230V S2,7,R290,2.43,14,10,82,44.585,3.8,1179,47.92682927,10
EOH2613,HT_ASHP,Vaillant,VWL 125/6 A 230V S2,12,R290,2.977,26,40,32,34.635,7.28,1406,41.8452381,11
EOH2630,ASHP,Mitsubishi,PUZ-WM112VAA-BS,11.2,R32,3.359,124,116,265,34.705,13.3,1338,56.4556962,3
EOH2634,ASHP,Mitsubishi,PUHZ-HW140VHA2-BS,14,R410A,2.783,234,102,844,35.03,12.89,1542,38.07407407,2
EOH2667,HT_ASHP,Daikin,EPRA14DAV3,14,R32,2.495,12,2,148,29.635,1.82,726,22.61682243,13
EOH2672,ASHP,Mitsubishi,PUZ-WM85VAA,8.5,R32,2.899,284,228,766,32.6475,19.985,838,38.26484018,2
EOH2679,ASHP,Mitsubishi,PUZ-WM112VAA,11.2,R32,3.741,116,102,202,36.34,16.77,1413,48.06122449,5
EOH2682,ASHP,Mitsubishi,PUZ-WM85VAA,8.5,R32,3.119,127,114,202,38.76,18.295,1122,34,3
EOH2686,HT_ASHP,Vaillant,VWL 75/6 A 230V S2,7,R290,4.085,30,14,90,30.505,3.16,682,38.53107345,24
EOH2689,ASHP,Daikin,EDLQ07CAV3,7,R410A,2.868,8,4,70,26.33,1.68,991,30.3058104,11
EOH2714,HT_ASHP,Daikin,EPRA14DV3,14,R32,2.655,22,6,114,49.345,12.18,1888,46.2745098,15
EOH2716,ASHP,Mitsubishi,PUZ-WM112VAA,11.2,R32,3.549,0,0,160,17.9,0,165,5.092592593,17
EOH2722,ASHP,Mitsubishi,PUZ-HWM140VHA,14,R32,2.856,0,0,69,22.36,0,197,5.760233918,19.5
EOH2734,ASHP,Mitsubishi,PUZ-WM85VAA-BS,8.5,R32,3.217,143,120,558,40.2375,24.875,1460,57.93650794,3
EOH2739,HT_ASHP,Vaillant,VWL 125/6 A 230V S2,12,R290,2.755,36,26,82,41.17,9.18,2130,46.40522876,9
EOH2751,ASHP,Mitsubishi,PUHZ-W85VHAA,8,R410A,3.367,54,44,209,34.455,10.56,644,22.59649123,4
EOH2765,HT_ASHP,Vaillant,VWL 125/6 A 230V S2,12,R290,2.755,42,74,89,43.78,17.33,2995,62.39583333,5
EOH2767,HT_ASHP,Daikin,EPRA14DV3,14,R32,2.388,12,4,152,37.78,8.13,1803,38.28025478,32
EOH2769,HT_ASHP,Vaillant,VWL 55/6 A 230V S2,5,R290,2.692,46,76,224,46.5125,16.6,2068,75.75091575,8
EOH2778,ASHP,Mitsubishi,PUZ-WM85VAA,8.5,R32,2.371,56,84,112,30.185,12.84,549,26.14285714,5
EOH2782,HT_ASHP,Vaillant,VWL 55/6 A 230V S2,5,R290,2.693,154,112,324,45.84,24.95,2882,80.72829132,3
EOH2788,ASHP,Daikin,EDLQ07CAV4,7,R410A,2.274,60,100,70,42.7825,27.64,2502,72.52173913,7
EOH2799,ASHP,Mitsubishi,PUHZ-W85VHAA,8.5,R410A,2.944,110,60,414,43.305,23.84,1275,56.66666667,4
EOH2804,HT_ASHP,Vaillant,VWL 75/6 A 230V S2,7,R290,2.948,60,96,118,42.7925,20.605,2557,73.47701149,8
EOH2808,ASHP,Mitsubishi,PUZ-WM85VAA-BS,8.5,R32,3.189,112,132,278,33.73,16.21,900,44.11764706,3
EOH2831,ASHP,Mitsubishi,PUHZ-W50VHA2,5,R410A,2.546,0,12,242,32.2525,0,341,17.22222222,6
EOH2837,HT_ASHP,Vaillant,VWL 75/6 A 230V S2,7,R290,2.85,28,20,60,41.625,5.3,958,38.01587302,18
EOH2868,HT_ASHP,Vaillant,VWL 125/6 A 230V S2,12,R290,3.317,28,8,66,37.2575,5.53,1317,35.12,10
EOH2873,ASHP,Daikin,EDLQ014CV3,14,R410A,2.431,14,8,38,33.7825,7.73,1422,32.46575342,21
EOH2887,HT_ASHP,Vaillant,VWL 75/6 A 230V S2,7,R290,2.847,36,22,68,42.87,5.97,1262,37.55952381,15
EOH2888,ASHP,Mitsubishi,PUZ-WM85VAA-BS,8.5,R32,2.774,100,130,450,34.385,15.08,801,39.85074627,2
EOH2897,HT_ASHP,Vaillant,VWL 75/6 A 230V S2,7,R290,2.546,56,134,76,47.15,31.45,2150,59.72222222,4
EOH2922,HT_ASHP,Vaillant,VWL 75/6 A 230V S2,7,R290,2.279,26,8,40,44.46,6.67,932,45.02415459,26
EOH2953,ASHP,Mitsubishi,PUHZ-HW140VHA2R5,14,R410A,2.187,126,97,177,49.6975,21.92,1541,36.43026005,3
EOH2962,ASHP,Mitsubishi,PUHZ-HW140VHA2R5,14,R410A,2.746,97,98,112,34.235,12.01,1647,51.30841121,3
EOH2974,ASHP,Daikin,EDLQ011CAV3,11,R410A,2.204,54,33,88,17.79,1.76,528,15.57522124,9
EOH2980,HT_ASHP,Vaillant,VWL 75/6 A 230V S2,7,R290,2.776,28,102,46,37.225,21.255,2391,68.70689655,10
EOH2982,ASHP,Daikin,EDLQ07CAV8,7,R410A,2.888,32,4,84,42.42,5.455,1296,44.08163265,10
EOH2988,HT_ASHP,Vaillant,VWL 75/6 A 230V S2,7,R290,2.837,38,88,50,39.855,18.38,1521,43.70689655,6
EOH2994,ASHP,Daikin,EDLQ014CAV3,14,R410A,2.009,20,4,62,35.385,3.93,1724,38.56823266,15
EOH2997,ASHP,Mitsubishi,PUZ-WM85VAA,8.5,R32,3.107,44,74,379,41.21,18.695,1638,52.5,3
EOH3001,ASHP,Mitsubishi,PUZ-WM85VAA,8.5,R32,3.021,93,100,390,31.7475,14.7,773,50.52287582,3
EOH3003,HT_ASHP,Vaillant,VWL 125/6 A 230V S2,12,R290,3.301,44,32,80,33.39,6.63,1736,36.16666667,11
EOH3014,HT_ASHP,Vaillant,VWL 55/6 A 230V S2,5,R290,3.16,36,24,146,31.71,3.64,685,26.5503876,13
EOH3016,HT_ASHP,Vaillant,VWL 125/6 A 230V S2,12,R290,2.652,36,88,61,40.2525,10.24,2369,47.85858586,8
EOH3017,ASHP,Mitsubishi,PUHZ-W50VHA2-BS,5,R410A,3.098,114,92,120,37.415,17.91,877,56.21794872,5
EOH3030,ASHP,Mitsubishi,PUZ-HWM140VHA,14,R32,3.538,0,0,274,17.75,0,157,4.088541667,74
EOH3033,HT_ASHP,Vaillant,VWL 75/6 A 230V S2,7,R290,2.843,28,52,64,37.71,19.66,2445,69.06779661,15
EOH3035,HT_ASHP,Vaillant,VWL 55/6 A 230V S2,5,R290,2.348,78,192,230,49.2575,25.505,2059,74.60144928,4
EOH3036,HT_ASHP,Vaillant,VWL 55/6 A 230V S2,5,R290,3.505,24,12,88,43.27,7.965,837,34.02439024,14
EOH3040,ASHP,Mitsubishi,PUZ-WM112VAA,11.2,R32,2.166,38,63,44,43.955,17.53,1970,49.37343358,5.5
EOH3045,ASHP,Daikin,ERGA08DVA,8,R32,1.472,38,12,98,49.48,11.92,2017,61.68195719,6
EOH3048,ASHP,Daikin,EDLQ07CAV3,7,R410A,1.763,2,4,52,31.13,1.33,801,25.42857143,62
EOH3055,ASHP,Daikin,EDLQ07CAV6,7,R410A,2.82,10,6,34,31.5,4.32,1199,38.802589,49
EOH3056,HT_ASHP,Vaillant,VWL 55/6 A 230V S2,5,R290,4.682,42,14,95,27.595,2.5,502,36.37681159,8
EOH3082,HT_ASHP,Daikin,EPRA16DAV3,16,R32,2.073,50,60,88,39.815,20.86,1500,45.04504505,6
EOH3089,ASHP,Mitsubishi,PUZ-WM85VAA,8.5,R32,2.906,20,6,62,38.42,4.6,1259,37.4702381,10
EOH3095,HT_ASHP,Vaillant,VWL 125/6 A 230V S2,12,R290,4.792,58,130,60,52.4,25.3,4217,85.19191919,5
EOH3097,ASHP,Daikin,EPGA11DV,11,R32,2.459,18,2,82,44.655,12.16,1516,36.88564477,13
EOH3107,ASHP,Mitsubishi,PUHZ-W85VHAA,8.5,R410A,3.046,104,64,386,41.7875,24.26,1612,47.13450292,4
EOH3120,ASHP,Daikin,EDLQ07CV3,7,R410A,2.756,4,4,44,32.56,1.72,1052,32.4691358,43
EOH3122,ASHP,Daikin,EDLQ014CV3,14,R410A,2.756,14,4,46,34.595,5.09,1342,32.41545894,44
EOH3128,HT_ASHP,Vaillant,VWL 75/6 A 230V S2,7,R290,2.721,89,154,88,49.2375,26.485,2832,80,3
EOH3138,ASHP,Daikin,EDLQ07CV3,7,R410A,2.504,12,6,34,40.38,5.77,2049,64.43396226,18
EOH3143,HT_ASHP,Vaillant,VWL 55/6 A 230V S2,5,R290,2.804,82,174,163,41.89,18.925,1657,62.76515152,4
EOH3151,ASHP,Mitsubishi,PUHZ-W50VHA2,5,R410A,2.805,72,100,82,43.9,27.19,1358,61.17117117,7
EOH3158,ASHP,Daikin,EDLQ014CAV3,14,R410A,2.763,14,4,56,36.43,5.01,1700,37.03703704,38
EOH3167,ASHP,Daikin,EDLQ016CV3,16,R410A,2.438,18,4,38,35.7575,5.28,1220,28.63849765,12
EOH3177,ASHP,Mitsubishi,PUZ-WM85VAA,8.5,R32,2.646,70,74,89,46.23,22.6,1889,46.29901961,6
EOH3186,ASHP,Mitsubishi,PUZ-HWM140VHA,14,R32,3.216,105,118,256,42.365,20.085,2761,67.67156863,2
EOH3188,ASHP,Daikin,EDLQ011CAV3,11,R410A,2.55,14,8,57,28.9,5.44,1243,35.7183908,24
EOH3196,ASHP,Mitsubishi,PUHZ-W85VHAA,8.5,R410A,3.512,122,82,160,36.925,19.185,1135,42.5093633,4
EOH3204,ASHP,Mitsubishi,PUZ-WM85VAA,8.5,R32,2.411,12,2,246,37.73,3.4,980,30.52959502,11
